feature	coef_smoking	stderr_smoking	pval_smoking	ci_low_smoking	ci_high_smoking	n_smoking	qval_smoking	coef_age	stderr_age	pval_age	ci_low_age	ci_high_age	n_age	qval_age	direction_concordant	both_fdr_sig
Atopobium	0.005446923641386927	0.0004931696438120512	4.373529929109648e-28	0.0044801306348895	0.0064137166478843545	5926	6.735236090828858e-26	-4.150350348240142e-05	1.0511288729099751e-05	7.984312288515079e-05	-6.211074227148053e-05	-2.0896264693322315e-05	4565	0.0003767597361143	False	True
Actinomyces	0.004549243959646765	0.0008297695049515909	4.36657046591756e-08	0.0029225920266706196	0.006175895892622911	5926	3.362259258756521e-06	-7.948685029855603e-05	1.8267516228542972e-05	1.383245499788388e-05	-0.0001153000677552	-4.36736328418985e-05	4565	8.033464248771023e-05	False	True
Collinsella	0.005484937120750593	0.0011870820432145388	3.909151642361613e-06	0.0031578218331035066	0.00781205240839768	5926	0.0001699114317755179	-4.7266365829256134e-05	2.7230016274568405e-05	0.0826637495113509	-0.0001006504428974	6.117711238960823e-06	4565	0.1386914019579331	False	False
[Ruminococcus]	0.013823804844662634	0.0030083131019454767	4.413283942221244e-06	0.007926410094583742	0.019721199594741525	5926	0.0001699114317755179	-0.0001126158066453	6.885414563277249e-05	0.101998807183426	-0.0002476034239813	2.2371810690733165e-05	4565	0.1638491477095461	False	False
Haemophilus	-0.011277364710367528	0.0025743251692005057	1.2034215631786737e-05	-0.016323984268691076	-0.006230745152043982	5926	0.00037065384145903155	1.9653440690259156e-05	6.505930568530651e-05	0.7626010941782916	-0.0001078944444703	0.0001472013258508	4565	0.8223421793159005	False	False
[Eubacterium]	0.009267625440919934	0.0022557479994279057	4.0371691926034755e-05	0.004845533737525091	0.013689717144314776	5926	0.0010362067594348922	3.2357399489833157e-05	5.295459562023724e-05	0.5412033845284402	-7.145936599433715e-05	0.000136174164974	4565	0.6191038716954126	True	False
Peptococcus	0.0014150872976632235	0.0003717003914693963	0.00014205130487269488	0.0006864184846210309	0.0021437561107054163	5926	0.0031251287071992874	2.0366068207438168e-06	8.690726641894887e-06	0.8147296375625719	-1.5001444723243977e-05	1.907465836473161e-05	4565	0.8527751704468437	True	False
Prauserella	0.0007606770492618075	0.00020350065954300383	0.00018727486356776395	0.00036174127344432936	0.0011596128250792857	5926	0.003605041123679456	-7.022286714154803e-06	4.75416511666196e-06	0.1397232700085846	-1.6342762854301118e-05	2.2981894259915134e-06	4565	0.2175073584669719	False	False
Unclassified_Coriobacteriaceae	0.0031111483518849936	0.0008521443713090433	0.00026351887403401586	0.0014406334914413507	0.004781663212328637	5926	0.004509100733470938	2.753493386579473e-05	1.956848962021444e-05	0.1594644628860388	-1.082882425541443e-05	6.589869198700388e-05	4565	0.2432235747049683	True	False
Dorea	0.005600069750050642	0.0015627941357516917	0.000341925865119279	0.00253642124694907	0.008663718253152215	5926	0.005265658322836896	-0.0001553315951939	3.674637139323705e-05	2.4134326023014988e-05	-0.0002273723572211	-8.329083316666825e-05	4565	0.0001349734529435	False	True
Unclassified_[Mogibacteriaceae]	0.0021162541667401214	0.0006331943844751828	0.0008363792930007491	0.000874961418199927	0.003357546915280316	5926	0.011498623116376432	4.931656818595473e-06	1.497176903255119e-05	0.7418707723426206	-2.442029302315778e-05	3.428360666034873e-05	4565	0.8117571494473602	True	False
Bulleidia	0.0021398153267034007	0.0006439423938421426	0.0008959966064708908	0.0008774525459336764	0.0034021781074731246	5926	0.011498623116376432	4.103549679918513e-06	1.6061056663619097e-05	0.798350931019897	-2.7383933767839033e-05	3.5591033127676063e-05	4565	0.8489506379155242	True	False
Slackia	0.0011395458581476144	0.0003477837477496974	0.0010567473900457828	0.0004577624205076182	0.0018213292957876106	5926	0.012518392159003888	1.5218205631169933e-05	8.215307537879926e-06	0.0640302711540329	-8.877932165386869e-07	3.1324204478878545e-05	4565	0.1098701243665792	True	False
Adlercreutzia	0.0011012997542108295	0.00035561273918881367	0.0019646854933591386	0.00040416862786728767	0.0017984308805543713	5926	0.02136658849373821	9.397368530584252e-06	8.443090586950911e-06	0.265756714481893	-7.155195891078717e-06	2.594993295224722e-05	4565	0.3585973323839074	True	False
Pyramidobacter	-0.0015885838283857883	0.0005158132299835876	0.002081161216922553	-0.0025997665515402413	-0.0005774011052313355	5926	0.02136658849373821	4.062239206505831e-05	1.3904621904026406e-05	0.0035006394364251	1.3362569674785851e-05	6.788221445533076e-05	4565	0.0097512943453456	False	True
Clostridium	-0.005532279016360957	0.0020369293407025723	0.006627044927839393	-0.009525406059012361	-0.0015391519737095538	5926	0.06378530743045416	-3.72988705684838e-05	5.020025863532133e-05	0.4575191615980637	-0.0001357157958031	6.11180546661631e-05	4565	0.5467060231301745	True	False
Turicibacter	0.00422193029277481	0.001614263183128246	0.008935201478759237	0.0010573836186704398	0.00738647696687918	5926	0.08094241339581898	0.0001063477290122	3.804295602112031e-05	0.0052042881733813	3.176503043225442e-05	0.0001809304275922	4565	0.0133194493928911	True	False
Veillonella	-0.008952139287904346	0.0034499765844445327	0.00948689396860804	-0.0157153561165784	-0.0021889224592302903	5926	0.08116564839809101	0.0004084539698748	8.779777804807787e-05	3.377293120414692e-06	0.0002363276184809	0.0005805803212686	4565	2.2172663529679064e-05	False	False
Anaerostipes	-0.0032185629298244725	0.0013513935436660141	0.017266208246470592	-0.005867788897876952	-0.0005693369617719929	5926	0.13994716157665638	-4.409478457458506e-05	3.3901398917236835e-05	0.1934348754819857	-0.000110558016703	2.236844755386593e-05	4565	0.2835792834735907	True	False
Unclassified_Pasteurellaceae	-0.0004890935872922999	0.00021527015798141112	0.02312239566536968	-0.0009111018877937405	-6.708528679085922e-05	5926	0.17804244662334656	3.6532045021900526e-06	5.343082377587767e-06	0.4941830617858591	-6.821835929327215e-06	1.412824493370732e-05	4565	0.5740126333051133	False	False
Aggregatibacter	-0.0016560879881338483	0.000754486377367925	0.028203322232984707	-0.003135157436728859	-0.00017701853953883736	5926	0.20682436304188787	3.2078142087247526e-05	1.940675950023232e-05	0.0984128900372808	-5.968546330355136e-06	7.012483050485019e-05	4565	0.1633005098420814	False	False
Methanobrevibacter	0.002875187722319757	0.0013343637643684595	0.031223648350959688	0.00025934635474634746	0.005491029089893166	5926	0.21856553845671783	0.0001319146003331	3.148546457695393e-05	2.846286128343072e-05	7.01877746656222e-05	0.0001936414260007	4565	0.0001534961447785	True	False
Eggerthella	0.0015636373651564308	0.0007422802695177424	0.035200243547245796	0.00010849635549552259	0.0030187783748173392	5926	0.2356885872293849	-1.831792798764163e-05	1.722831635783542e-05	0.2877272068361075	-5.20938082121894e-05	1.5457952236906142e-05	4565	0.3811123529144933	False	False
Prauseria	0.0008007978111573343	0.0003871825757724863	0.03865817217435297	4.177825025922536e-05	0.0015598173720554433	5926	0.24490823955342636	-7.262828065670029e-06	9.28192300050632e-06	0.4339790881428252	-2.5459912041086735e-05	1.093425590974668e-05	4565	0.5327710756875335	False	False
Unclassified_YS2	0.002183442849180958	0.0010616183659178553	0.03975783109633545	0.00010228228989527617	0.0042646034084666395	5926	0.24490823955342636	-4.060813502937235e-05	2.623905417440707e-05	0.1217830234715374	-9.204944435947e-05	1.0833174300725318e-05	4565	0.191554547335439	False	False
Unclassified_Nocardiopsaceae	0.0008149179771044969	0.00040637460087975083	0.04497261569014122	1.8275022538432055e-05	0.0016115609316705616	5926	0.26637626216468263	-2.162000674753811e-05	1.0150313014506077e-05	0.0332265175895021	-4.151955755092838e-05	-1.720455944147838e-06	4565	0.0627150519501852	False	False
Megamonas	0.006615613157145905	0.003383296670030282	0.0505859682158949	-1.688663381422227e-05	0.013248112948106032	5926	0.28757713133627333	-0.0003157513030015	7.949325507063571e-05	7.235976777529678e-05	-0.0004715967498901	-0.0001599058561128	4565	0.0003524620946474	False	False
Brevibacterium	0.0008151790917115338	0.00041994490606574164	0.0522867511520497	-8.066627875590645e-06	0.0016384248112986583	5926	0.28757713133627333	-1.5312790164282693e-05	9.326457156126116e-06	0.1006870679517798	-3.359718274692912e-05	2.9716024183637343e-06	4565	0.1634811533410619	False	False
Carludovica	0.00047939659710352227	0.0002529895408235432	0.05815095990636603	-1.6555499409560113e-05	0.0009753486936166047	5926	0.3088016491579437	8.273271733498792e-06	5.936186035763002e-06	0.1634759310514773	-3.364540364337281e-06	1.9911083831334865e-05	4565	0.2468486558877308	True	False
Enhydrobacter	0.0007428543558219978	0.0003972018515360438	0.06150290582252124	-3.580665271977058e-05	0.0015215153643637661	5926	0.315714916555609	-1.1122193703322645e-05	9.447453450747274e-06	0.2391498580120622	-2.964379787820221e-05	7.399410471556919e-06	4565	0.3343669311094574	False	False
Bacteroides	-0.017804591712162914	0.009697553667643601	0.06640971382326663	-0.03681534629458477	0.001206162870258945	5926	0.3219673513214462	-0.0012472718326076	0.0002376544036321	1.605419541933013e-07	-0.0017131900631064	-0.0007813536021088	4565	1.7310176129066666e-06	True	False
Blautia	0.004503037915985848	0.002457094178752621	0.06690230676809272	-0.0003137659934390512	0.009319841825410746	5926	0.3219673513214462	-0.0002260618818104	5.873640271828461e-05	0.0001203517641586	-0.0003412138015818	-0.000110909962039	4565	0.0005192318967986	False	False
Unclassified_S24-7	0.004064040384946285	0.0022567779995563897	0.07178302448582952	-0.00036007049568990805	0.008488151265582477	5926	0.3233474933637222	0.0001349380003598	5.4213726917654967e-05	0.012845810002929	2.8652725068631203e-05	0.0002412232756511	4565	0.0285252545653276	True	False
Oscillospira	-0.00278978643178166	0.0015612495635807728	0.07400603577699698	-0.00585040700810061	0.00027083414453728943	5926	0.3233474933637222	2.8139714916487537e-05	3.876228791548664e-05	0.4679031584802322	-4.7853224072439007e-05	0.0001041326539054	4565	0.5515435116448558	False	False
Coprobacillus	0.001764352300473113	0.0009926833234589396	0.07556106441108187	-0.0001816703447334899	0.0037103749456797157	5926	0.3233474933637222	1.8602632577375985e-05	2.1959454270557055e-05	0.396964251271873	-2.444857926674858e-05	6.165384442150055e-05	4565	0.4953851400169656	True	False
Lachnospira	-0.0032696607912379347	0.0018397877778114715	0.07558772572138961	-0.006876318214997455	0.0003369966325215859	5926	0.3233474933637222	-0.000192805125231	4.643219560391855e-05	3.350401814659399e-05	-0.0002838348140704	-0.0001017754363916	4565	0.0001744519565564	True	False
Sphingomonas	0.0010233841238182048	0.0005978166935172745	0.08697326789543808	-0.00014855540188419484	0.0021953236495206047	5926	0.3619968447539855	-3.9829977066340413e-05	1.344212165448275e-05	0.00306165572901	-6.618307399906081e-05	-1.3476880133620018e-05	4565	0.0087228304732172	False	False
Streptococcus	0.006083393973694067	0.0035848267620715206	0.08975239538394719	-0.0009441785595342474	0.01311096650692238	5926	0.36373339181915443	-9.422304850320488e-05	8.392900961380285e-05	0.2616447726156523	-0.0002587647319272	7.03186349208675e-05	4565	0.3585973323839074	False	False
Corynebacterium	0.0006636651792405973	0.00039423657589335125	0.0923469731818149	-0.00010918280372333386	0.0014365131622045284	5926	0.3646521505128076	-1.9677028517733e-05	9.461825454306158e-06	0.0376160966268428	-3.822680881038921e-05	-1.1272482250767928e-06	4565	0.0701238344525094	False	False
Dehalobacterium	0.0006951250633078357	0.00042462439593076156	0.10167643787038948	-0.00013729416915106028	0.0015275442957667319	5926	0.3914542858009995	2.98147407298059e-05	1.0363966861245684e-05	0.0040364141823924	9.496324461729116e-06	5.013315699788268e-05	4565	0.0106929568691449	True	False
Brachybacterium	0.00040300221018420415	0.00025120282796829913	0.10870362732937854	-8.944727517926071e-05	0.000895451695547669	5926	0.39707366848936404	-1.1652128969620985e-05	5.725102087730222e-06	0.0418816446279951	-2.2876113854280925e-05	-4.28144084961044e-07	4565	0.0761943173352683	False	False
SMB53	0.0009759190555405107	0.0006128120100570016	0.11132011860309654	-0.00022541677900353451	0.002177254890084556	5926	0.39707366848936404	4.286519318016523e-05	1.42729688326429e-05	0.0026857503027096	1.4883231639228028e-05	7.084715472110243e-05	4565	0.0077990056867146	True	False
Mogibacterium	0.00036950989655628675	0.00023273775342442564	0.11241537583425905	-8.674128431406132e-05	0.0008257610774266348	5926	0.39707366848936404	2.4455596196727176e-05	5.569198438123334e-06	1.1527793690413668e-05	1.3537258299638208e-05	3.5373934093816146e-05	4565	6.962787389009855e-05	True	False
Unclassified_Rhizobiales	0.0009746568405476672	0.0006156589762477538	0.11344961956838973	-0.0002322600897460645	0.002181573770841399	5926	0.39707366848936404	-5.157924019786404e-05	1.3650402789405489e-05	0.0001597413508034	-7.834066946672614e-05	-2.481781092900194e-05	4565	0.0006519174046301	False	False
Coprococcus	0.0042598586415154936	0.002735119369361403	0.11941322475303351	-0.0011019764012796546	0.009621693684310642	5926	0.408658591377048	-0.0001710908430907	6.696048782994794e-05	0.0106479955002451	-0.000302365970024	-3.981571615748958e-05	4565	0.0243613230384395	False	False
Parvimonas	-0.0005989446817435153	0.0003890053041263524	0.12369135910926712	-0.001361537457350545	0.00016364809386351425	5926	0.40951963660650126	-7.3916653312168815e-06	1.0257502085111282e-05	0.4711861788224265	-2.750135885168673e-05	1.2718028189252969e-05	4565	0.5515435116448558	True	False
Megasphaera	-0.003974326007987267	0.0025901388284309385	0.12498326571756857	-0.009051946126347195	0.0011032941103726601	5926	0.40951963660650126	0.0001464178052036	6.575025413916906e-05	0.0260042583590667	1.7515324983793007e-05	0.0002753202854236	4565	0.0516663554239353	False	False
Ochrobactrum	0.0010105985398888677	0.0006769608093889282	0.13553083740742944	-0.0003164924203963495	0.002337689500174085	5926	0.41732021166969946	-6.229365798638445e-05	1.6397811535907274e-05	0.0001472396800466	-9.444134478745838e-05	-3.014597118531052e-05	4565	0.0006175886579735	False	False
Neisseria	-0.000377123287527482	0.00025367216954767915	0.13715906950510037	-0.0008744135861882627	0.00012016701113329873	5926	0.41732021166969946	7.593084730731571e-06	6.2160820906904755e-06	0.2219516125722326	-4.593459781241666e-06	1.9779629242704808e-05	4565	0.3187580435201181	False	False
Fusobacterium	0.005445095103002499	0.003688512118061581	0.13993529942213	-0.001785738677760323	0.01267592888376532	5926	0.41732021166969946	-0.0002150191648096	8.537193013343534e-05	0.0118157634229459	-0.0003823896743146	-4.764865530456128e-05	4565	0.026629556371117	False	False
Chryseobacterium	0.00048075811726162106	0.00032620780261932226	0.14059451175758478	-0.00015872857092846674	0.0011202448054517089	5926	0.41732021166969946	4.153104553463321e-06	7.443664899275283e-06	0.5769141242126878	-1.0440099381711024e-05	1.8746308488637667e-05	4565	0.6501047220605661	True	False
Unclassified_Veillonellaceae	0.0017814006499961303	0.0012097008344058905	0.1409133182261323	-0.0005900557470716287	0.0041528570470638895	5926	0.41732021166969946	3.574419957232413e-05	2.963915861595965e-05	0.2278884470975065	-2.236296833521966e-05	9.385136747986793e-05	4565	0.3215995842217148	True	False
Unclassified_Rhodocyclaceae	0.000298878022965407	0.00020760554253928466	0.1500212491770985	-0.00010810482594971485	0.0007058608718805289	5926	0.41937087359628267	-1.037786583803326e-05	5.030650852096835e-06	0.0391762725909023	-2.024038850727046e-05	-5.153431687960626e-07	4565	0.0721416726978811	False	False
Sutterella	-0.002892439504603727	0.0020337023495146105	0.15500562897640852	-0.006879240463418268	0.0010943614542108142	5926	0.41937087359628267	-0.0002810008084031	5.020461730292367e-05	2.3077570931421055e-08	-0.0003794262787464	-0.0001825753380598	4565	2.90392767553715e-07	True	False
Unclassified_Erysipelotrichaceae	0.00417415373767089	0.002964086843249293	0.1591118805615648	-0.0016365413581460068	0.009984848833487787	5926	0.41937087359628267	-0.0004520793522478	7.013758429734488e-05	1.271120882560987e-10	-0.0005895831336541	-0.0003145755708415	4565	1.9193925326670903e-09	False	False
Saccharopolyspora	0.00047016855489055324	0.0003375023849258275	0.1636474096302048	-0.0001914596485412964	0.001131796758322403	5926	0.41937087359628267	-1.2690833869609929e-05	8.116871346096249e-06	0.1180016465773258	-2.860384990028698e-05	3.222182161067125e-06	4565	0.1875605119281704	False	False
Devosia	0.0005969385840498691	0.00042862429798078263	0.16376755913114024	-0.00024332192042800964	0.0014371990885277477	5926	0.41937087359628267	-2.513166449426244e-05	1.0244415644186695e-05	0.0141962347177778	-4.5215702225039666e-05	-5.047626763485205e-06	4565	0.0310671223533979	False	False
Odoribacter	-0.0010661782492134562	0.0007670582879612779	0.16459427158480694	-0.0025698932440063526	0.00043753674557944007	5926	0.41937087359628267	-4.083293364452388e-05	1.9056633787541795e-05	0.0321889887744212	-7.819320535780411e-05	-3.4726619312436464e-06	4565	0.0615257886700962	True	False
Unclassified_Ruminococcaceae	0.007241631310989797	0.005240198384414666	0.1670429205371869	-0.0030310754832709565	0.017514338105250552	5926	0.41937087359628267	-9.69652220026612e-05	0.0001262694168875	0.4425726992702584	-0.0003445146988195	0.0001505842548142	4565	0.5389393354016857	False	False
Unclassified_Clostridiaceae	0.005695200441409153	0.004124563702082694	0.16739253222880268	-0.0023904540429256025	0.013780854925743909	5926	0.41937087359628267	0.0006513567263881	9.833123771412008e-05	3.8999603551583986e-11	0.0004585796703844	0.0008441337823918	4565	7.361175170361477e-10	True	False
Brochothrix	0.0003160755981102416	0.00022968657351999397	0.16883762443486705	-0.00013419415338751067	0.0007663453496079939	5926	0.41937087359628267	-1.6626453095886754e-05	5.510129480944156e-06	0.0025633803435385	-2.7428987104700505e-05	-5.823919087073004e-06	4565	0.0075896163112613	False	False
Unclassified_Bifidobacteriaceae	0.00029724260318712896	0.00021855538261000528	0.17387132547728248	-0.00013120594000878778	0.0007256911463830458	5926	0.4250187956111349	-1.3017607379271838e-06	5.427461033651044e-06	0.8104596224456807	-1.194222437862562e-05	9.33870290277125e-06	4565	0.8527751704468437	False	False
Unclassified_Caulobacteraceae	0.002200415286855961	0.0016401292032793245	0.1797737924819912	-0.0010148382539458141	0.005415668827657736	5926	0.42964629909611785	-0.000197704003168	3.927647975053632e-05	4.998425350134058e-07	-0.0002747050082658	-0.0001207029980702	4565	4.439777811001428e-06	False	False
Unclassified_Pseudomonadaceae	0.0004137014582043888	0.00031017493781031083	0.18233131374198275	-0.00019435494678404628	0.001021757863192824	5926	0.42964629909611785	-1.305202844230965e-05	6.959637712599761e-06	0.0608033217254169	-2.6696303652063763e-05	5.922467674444661e-07	4565	0.1055322020751489	False	False
Peptoniphilus	-0.0007649125857919519	0.0005784341042907908	0.18609122103607356	-0.0018988551424045058	0.00036902997082060207	5926	0.42964629909611785	-3.5124860092029856e-05	1.495105969407587e-05	0.0188502140755077	-6.443620955697647e-05	-5.813510627083236e-06	4565	0.0400898919070658	True	False
1-68	-0.0005624869657503862	0.00042616306816356086	0.18692403921714218	-0.0013979225589537587	0.00027294862745298634	5926	0.42964629909611785	-9.441019776057026e-06	1.1125951855420616e-05	0.39617178722424	-3.125329727593376e-05	1.2371257723819706e-05	4565	0.4953851400169656	True	False
YRC22	0.0006884915816421222	0.0005291396912742174	0.19325695580890995	-0.00034881588324937407	0.0017257990465336186	5926	0.4376701646260608	1.3958583579494806e-05	1.2786588992463586e-05	0.2750413067893689	-1.1109350472781472e-05	3.902651763177109e-05	4565	0.3675330736742894	True	False
Psychrobacter	0.00037300691751411904	0.000293957514103398	0.20452164231987088	-0.00020325740128252244	0.0009492712363107605	5926	0.44385827166826536	-9.601486613579282e-06	6.974077518276766e-06	0.1686607189590325	-2.327407086624173e-05	4.0710976390831645e-06	4565	0.2507149760562773	False	False
Unclassified_Burkholderiales	0.0011030220883939373	0.000873220403933975	0.2065795238177067	-0.0006088095100163697	0.0028148536868042445	5926	0.44385827166826536	-9.850512953973452e-05	2.1022328575080697e-05	2.871089409008606e-06	-0.0001397191191859	-5.7291139893550395e-05	4565	1.9706113670922705e-05	False	False
Staphylococcus	0.0006620627128563238	0.0005252142132739098	0.2075181529877604	-0.0003675493783935149	0.0016916748041061625	5926	0.44385827166826536	-1.4229085093187846e-05	1.2790118502250469e-05	0.2659794783244876	-3.930393870146351e-05	1.0845768515087816e-05	4565	0.3585973323839074	False	False
Unclassified_Chitinophagaceae	0.0005891692223193109	0.00047362519233398503	0.21356490899368927	-0.0003393095058320957	0.0015176479504707175	5926	0.45053419157572805	-2.905056382012487e-05	1.0701970622560568e-05	0.0066625467390599	-5.003163187149248e-05	-8.069495768757265e-06	4565	0.0162265251225492	False	False
Ruminococcus	0.0051959959730431115	0.004210684608677363	0.21725105098013786	-0.0030584870092611478	0.01345047895534737	5926	0.4521170520397464	-0.0001239975866242	0.00010136297096	0.2212788848060694	-0.0003227183144794	7.47231412310114e-05	4565	0.3187580435201181	False	False
Acidaminococcus	0.0022253260826300444	0.0018237174965537483	0.22243241722957396	-0.001349827707993584	0.005800479873253673	5926	0.45672789671139186	9.637347502958374e-05	4.256624548891034e-05	0.0236160240133053	1.2922928883310868e-05	0.0001798240211758	4565	0.0481894544055284	True	False
Akkermansia	-0.00768212355640267	0.006394480352540995	0.22965672121353362	-0.020217645486008445	0.004853398373203103	5926	0.46535704035373915	0.0005253181232478	0.0001615397817541	0.0011545638726356	0.0002086215751521	0.0008420146713435	4565	0.0037899814079997	False	False
Sediminibacterium	0.0037681918642140546	0.0031651196146919233	0.23388329625918347	-0.002436601043473844	0.009972984771901953	5926	0.46776659251836694	-0.0003615090088348	7.52552170851337e-05	1.6071866960355843e-06	-0.0005090458398139	-0.0002139721778557	4565	1.2772904794809118e-05	False	False
Unclassified_[Paraprevotellaceae]	0.0013249732462590987	0.0011211018605011575	0.2373131890264094	-0.0008727967339160017	0.003522743226434199	5926	0.46854142448803915	0.0001104734415048	2.6998628878383367e-05	4.354299637214834e-05	5.754299628417115e-05	0.0001634038867255	4565	0.0002191664150731	True	False
Dialister	0.005510810108241625	0.004760140231127823	0.2470336949211291	-0.003820806999877243	0.014842427216360494	5926	0.48019224693878065	-0.0001194404402656	0.0001151784516584	0.2997894997135969	-0.0003452462303883	0.000106365349857	4565	0.3936366474500272	False	False
Christensenella	0.0003442375071207801	0.0002995747349350472	0.2505665715146347	-0.00024303862046038533	0.0009315136347019455	5926	0.48019224693878065	2.9299067455226557e-06	7.317402367077958e-06	0.6888788597570572	-1.1415761210176516e-05	1.7275574701221826e-05	4565	0.7648581457596738	True	False
Unclassified_Oxalobacteraceae	0.0014030061510727494	0.0012261419046012871	0.2525686493639041	-0.0010006807611609037	0.0038066930633064025	5926	0.48019224693878065	-0.0001077481432503	2.9439868863169035e-05	0.0002551403478873	-0.0001654646063043	-5.003168019640362e-05	4565	0.0009851215505921	False	False
Porphyromonas	-0.0005608075654771392	0.0005348666742885323	0.2944513582918637	-0.0016093420132051524	0.0004877268822508742	5926	0.5529940143530123	7.697579178278526e-06	1.3379143680137702e-05	0.5650887293623403	-1.8532050291105236e-05	3.392720864766229e-05	4565	0.641566903261003	False	False
Enterococcus	-0.00110997112260073	0.0011036906022318094	0.314605716933025	-0.0032736086638872333	0.0010536664186857729	5926	0.5837262699721187	4.698229011926548e-05	2.8530013731773263e-05	0.0996750901321487	-8.950414307236455e-06	0.0001029149945457	4565	0.1634811533410619	False	False
Unclassified_Clostridiales	-0.004087116821419894	0.004114349832150632	0.3205650566657304	-0.012152748382317466	0.003978514739477678	5926	0.585862271612895	-0.0001463269877136	0.0001005161882116	0.1455293517427196	-0.0003433876094916	5.073363406439397e-05	4565	0.2242340011545986	True	False
Bilophila	0.000903108947527196	0.0009144036294023579	0.32336553952659786	-0.0008894568462404659	0.002695674741294858	5926	0.585862271612895	-0.0001132366076455	2.173809677959935e-05	1.981226971461795e-07	-0.0001558538511351	-7.061936415594575e-05	4565	1.8697829543170689e-06	False	False
Catenibacterium	-0.0017300791322589642	0.0017947734322138961	0.3351084532179217	-0.005248491962982707	0.001788333698464778	5926	0.6000779278553482	-3.3000138259428357e-05	4.4486360083159234e-05	0.4582447457612717	-0.0001202150429887	5.421476646987352e-05	4565	0.5467060231301745	True	False
Lachnobacterium	0.0011830947909044277	0.0012475276477509917	0.3429893387662206	-0.001262516005281345	0.0036287055870902005	5926	0.6056575766922934	8.352844399091244e-05	2.943986296213295e-05	0.0045704689041833	2.5811992505862368e-05	0.0001412448954759	4565	0.0118989793884772	True	False
Anaerotruncus	0.0003153951373070511	0.00033471638753411383	0.34609004382416764	-0.00034077149153636887	0.0009715617661504711	5926	0.6056575766922934	1.6655154349642266e-06	8.117861573861594e-06	0.8374510249707996	-1.4249441923797509e-05	1.758047279372596e-05	4565	0.8602388079632023	True	False
Ralstonia	0.003283297004626248	0.0037030851575164344	0.37530981051579404	-0.00397610526733457	0.010542699276587067	5926	0.6365828938552013	-0.000465758661293	8.89614291115567e-05	1.71955392010596e-07	-0.0006401663347921	-0.0002913509877939	4565	1.7310176129066666e-06	False	False
Rheinheimera	0.00028222615027032917	0.0003204305873447986	0.37847733639656134	-0.0003459350814677629	0.0009103873820084212	5926	0.6365828938552013	-3.429666178329855e-05	7.662610715038433e-06	7.797277405166536e-06	-4.931910601655454e-05	-1.9274217550042565e-05	4565	4.905787034083945e-05	False	False
Butyricimonas	0.0009738500364707536	0.0011087047413693718	0.37978015777723684	-0.0011996170527464162	0.0031473171256879233	5926	0.6365828938552013	-7.255645191767731e-05	2.6968828070721347e-05	0.007163139887213	-0.0001254284730597	-1.9684430775644393e-05	4565	0.0171687956026852	False	False
Bradyrhizobium	0.0012212593511621431	0.0013918813054104356	0.3802962742511592	-0.001507337448802607	0.003949856151126893	5926	0.6365828938552013	-0.0001791720114245	3.340000353010183e-05	8.524073907480502e-08	-0.0002446522647065	-0.0001136917581426	4565	9.901039692535044e-07	False	False
[Prevotella]	-0.001689763890733396	0.0021143538047960755	0.42421419948601835	-0.005834671221074074	0.002455143439607281	5926	0.6951934819304647	-6.384033794844523e-06	5.154064666205754e-05	0.9014283898802076	-0.0001074287715507	9.466070396106889e-05	4565	0.9135280998114856	True	False
Unclassified_Rikenellaceae	-0.0026133075464432835	0.003270838025349154	0.424338878580933	-0.009025347232930053	0.0037987321400434855	5926	0.6951934819304647	-0.000178314040721	8.133291102455092e-05	0.0284014066262848	-0.000337766108121	-1.88619733209816e-05	4565	0.0549822102637053	True	False
Arthrobacter	0.00018521507815745883	0.00023604288399204336	0.4326802878993693	-0.00027751536833360834	0.000647945524648526	5926	0.7013975193316091	-1.9454037200648964e-05	5.345365625422395e-06	0.0002762904592685	-2.9933553908534948e-05	-8.97452049276298e-06	4565	0.0010175575451108	False	False
Roseburia	-0.002190997662605832	0.0028941893437504683	0.44906014192081056	-0.007864668076277299	0.0034826727510656355	5926	0.7063082632119972	-4.42649349127486e-05	7.22020529612029e-05	0.539860547522304	-0.0001858160790949	9.728620926942396e-05	4565	0.6191038716954126	True	False
Halomonas	0.0003591006624109616	0.00047658738073186064	0.4511895610183655	-0.0005751850391884811	0.0012933863640104044	5926	0.7063082632119972	-4.54279417223978e-05	1.152767028159281e-05	8.243963973404477e-05	-6.802778274064555e-05	-2.2828100704150052e-05	4565	0.0003772238060557	False	False
WAL_1855D	-0.0006404833660174919	0.0008534176635724636	0.45298819106775856	-0.0023134943453341186	0.001032527613299135	5926	0.7063082632119972	-2.0092603038412253e-05	2.140299496947108e-05	0.3478960407701481	-6.205288398058785e-05	2.1867677903763343e-05	4565	0.4414479172797678	True	False
Faecalibacterium	-0.004201065073826676	0.005610989850201041	0.4540553120648554	-0.015200658854115742	0.00679852870646239	5926	0.7063082632119972	-0.001041119285197	0.0001364838669361	2.8829947883377554e-14	-0.0013086940526015	-0.0007735445177925	4565	8.706644260780019e-13	True	False
Granulicatella	-0.00023594099433372147	0.00032636901095977667	0.46975333487501547	-0.0008757437098748354	0.00040386172120739235	5926	0.7234201357075238	-2.7210215210384712e-05	8.12485573787578e-06	0.0008176192748229	-4.3138884532701525e-05	-1.1281545888067896e-05	4565	0.0028711746627504	True	False
Citrobacter	-0.00045027466255505847	0.0006509532478187896	0.48914301602019017	-0.001726381283156052	0.0008258319580459351	5926	0.7458220244268245	0.0001423408623753	1.5733114283227653e-05	2.1302370630306478e-19	0.0001114963055102	0.0001731854192404	4565	8.041644912940694e-18	False	False
Unclassified_Comamonadaceae	0.0005800244439443338	0.0008526152459427316	0.4963484164282218	-0.0010914135031257852	0.002251462391014453	5926	0.7493887855877074	-5.8510008240077654e-05	1.912820269284125e-05	0.0022349505651592	-9.60105898201486e-05	-2.1009426660006697e-05	4565	0.0070307819862301	False	False
Unclassified_Streptophyta	-0.0008410359348374537	0.0012570027726315066	0.5034703535640912	-0.003305221443771894	0.0016231495740969867	5926	0.7527614995035927	-3.819076947304276e-05	3.138761552516999e-05	0.2237639245902815	-9.97257634035521e-05	2.334422445746659e-05	4565	0.3187580435201181	True	False
Unclassified_Methylobacteriaceae	0.0002356309155710616	0.0003580102004489636	0.5104557516131476	-0.00046620011233524717	0.0009374619434773703	5926	0.7558671706579301	-2.56447739305958e-05	8.485107629324585e-06	0.0025223829121269	-4.22797121931569e-05	-9.0098356680347e-06	4565	0.0075896163112613	False	False
Methylotenera	-0.00012934269275340004	0.00019921566964434384	0.5161958365738788	-0.0005198783200237884	0.00026119293451698825	5926	0.7570872269750223	-1.4481916584394663e-06	4.816583599723178e-06	0.7636815763946101	-1.089103838685948e-05	7.994655069980546e-06	4565	0.8223421793159005	True	False
Parabacteroides	0.0014071961322154477	0.0023140084999847175	0.5431309205902296	-0.00312910747614983	0.005943499740580725	5926	0.7890769978386355	-0.000144271850736	5.644209029333449e-05	0.0106174125813935	-0.0002549258021596	-3.3617899312426e-05	4565	0.0243613230384395	False	False
Prevotella	0.0054503785446549545	0.009249062368060125	0.5556894097515901	-0.01268116893864242	0.02358192602795233	5926	0.7925476011593384	2.9375487194972105e-06	0.0002250537139419	0.9895863562476722	-0.0004382772007842	0.0004441522982232	4565	0.9895863562476722	True	False
Mycoplana	0.00013984372256478061	0.00024303362376860957	0.5650366877772061	-0.00033659113256341534	0.0006162785776929765	5926	0.7925476011593384	-1.3287679691787116e-05	6.0073423204156775e-06	0.0270227156897712	-2.506499271924012e-05	-1.5103666643341123e-06	4565	0.0529925983007203	False	False
Unclassified_Enterobacteriaceae	0.005244804796649591	0.009227785815407095	0.5698047788877822	-0.012845032856033872	0.023334642449333056	5926	0.7925476011593384	0.0023519075043202	0.000223161013121	1.1266423910244592e-25	0.0019144033690692	0.0027894116395711	4565	1.7012300104469332e-23	True	False
Leptothrix	0.00030657827294381724	0.000543372223719709	0.5726298690093565	-0.0007586301647786283	0.0013717867106662627	5926	0.7925476011593384	-5.1224496034532374e-05	1.3064822343855796e-05	8.955800801010415e-05	-7.683790279324778e-05	-2.5611089275816976e-05	4565	0.0003977429179272	False	False
Phascolarctobacterium	-0.00223803208622446	0.0039877282559751415	0.5746621714849522	-0.010055439013156527	0.005579374840707607	5926	0.7925476011593384	-0.0003202032079959	9.82646911947676e-05	0.0011279604734362	-0.0005128498004522	-0.0001275566155395	4565	0.003784934033086	True	False
Paraprevotella	0.0008582911106413734	0.0015430888577178622	0.5780841122283156	-0.0021667278352008835	0.0038833100564836303	5926	0.7925476011593384	-8.742188826281754e-05	3.790829084339858e-05	0.0211475322615869	-0.0001617405775909	-1.3103198934731616e-05	4565	0.0443510746041614	False	False
Unclassified_Peptostreptococcaceae	0.0031547341270298126	0.005723805277797817	0.5815446683831509	-0.00806601918283311	0.014375487436892737	5926	0.7925476011593384	4.106034463352106e-05	0.0001391104828624	0.7678824323413376	-0.0002316638676197	0.0003137845568867	4565	0.8223421793159005	True	False
Unclassified_[Barnesiellaceae]	0.0006621049065011094	0.0013358069838774688	0.6201533927917561	-0.0019565656995415735	0.0032807755125437927	5926	0.837751074473074	-0.0001228365225301	3.3445404266435095e-05	0.0002427184943445	-0.000188405783339	-5.726726172126961e-05	4565	0.0009644866485797	False	False
Klebsiella	-0.0025758324244734626	0.005308435636365906	0.6275285148861891	-0.012982309208020508	0.007830644359073585	5926	0.8403425329780272	0.0011850165332894	0.0001278855613741	2.9060626550434744e-20	0.000934298627157	0.0014357344394218	4565	1.4627182030385484e-18	False	False
Cetobacterium	-0.0006494024229720916	0.0013694848668279558	0.6353786369013955	-0.003334094006012658	0.0020352891600684746	5926	0.843519914507025	2.63071445640899e-05	3.344518792471629e-05	0.4315718075902767	-3.926169210978215e-05	9.187598123796196e-05	4565	0.5327710756875335	False	False
Acinetobacter	0.0005808075992087627	0.001265502212857755	0.6462839322658553	-0.0019000399234424252	0.003061655121859951	5926	0.850664321102066	-3.018434475710941e-05	3.196660281678418e-05	0.3450940516375226	-9.285443540902312e-05	3.248574589480431e-05	4565	0.4414479172797678	False	False
Holdemania	0.0003712809837769739	0.0008578112601450752	0.6651587200423539	-0.0013103430529187296	0.002052905020472677	5926	0.8606067745809414	-5.815174797947853e-05	2.0954422270740896e-05	0.0055401303926447	-9.923260823830788e-05	-1.7070887720649178e-05	4565	0.0137140932670386	False	False
Lactobacillus	0.0007512831619714783	0.0017623708066017145	0.6699112175446175	-0.0027036086628933753	0.004206174986836331	5926	0.8606067745809414	0.0003290871040637	4.487791341391647e-05	2.652129492064016e-13	0.0002411045643475	0.0004170696437798	4565	6.674525888361107e-12	True	False
Methylobacterium	0.0002711658609366633	0.0006463991898786364	0.6748644396040637	-0.0009960131392745355	0.0015383448611478623	5926	0.8606067745809414	-3.676020534912754e-05	1.5043345408595352e-05	0.0145785753629205	-6.625247970396506e-05	-7.267930994290029e-06	4565	0.0314480697114428	False	False
Enterobacter	-0.0003366078889368812	0.0008226049495080033	0.6824095771890657	-0.001949214670950403	0.0012759988930766406	5926	0.8606067745809414	0.0001853069465184	1.991515010766212e-05	2.036221540625002e-20	0.0001462635652199	0.0002243503278169	4565	1.4627182030385484e-18	False	False
Unclassified_Micrococcaceae	0.0001198681744110912	0.00029354646425036515	0.6830353614073357	-0.0004555903362255788	0.0006953266850477613	5926	0.8606067745809414	-5.4498418003391875e-06	7.372434045202149e-06	0.4598123505796831	-1.9903398613560595e-05	9.00371501288222e-06	4565	0.5467060231301745	False	False
Pseudoramibacter_Eubacterium	-0.00011239970833794423	0.00027928890606454326	0.6873677485289337	-0.0006599081865329663	0.0004351087698570779	5926	0.8606067745809414	-1.439826202349132e-06	6.906003080888605e-06	0.8348564597418863	-1.497895144509908e-05	1.2099299040400815e-05	4565	0.8602388079632023	True	False
Synergistes	0.00027286729002490106	0.0007181407643295814	0.7039861693870266	-0.0011349514541862777	0.0016806860342360797	5926	0.874305403916146	-4.06479514974449e-05	1.8114832830767244e-05	0.0248865408167509	-7.616183522650899e-05	-5.134067768380814e-06	4565	0.0501049021777252	False	False
Novosphingobium	8.064030556253288e-05	0.00022810103741261115	0.7237046045028124	-0.00036652121484395	0.0005278018259690158	5926	0.8916040727474649	-1.9004380628994587e-05	5.492625928929721e-06	0.0005451840046632	-2.9772599161817277e-05	-8.236162096171897e-06	4565	0.0019600663024796	False	False
Lacticigenium	-0.0003278315064230309	0.0009520572133095147	0.7306027746330994	-0.0021942121062067674	0.0015385490933607058	5926	0.8929589467737882	-0.000110014174598	2.3118066750347503e-05	2.007983337810277e-06	-0.0001553368304724	-6.469151872352989e-05	4565	1.516027420046759e-05	True	False
Unclassified_Gemellaceae	-0.00023853631536286621	0.0007105723627649202	0.7371120382974937	-0.0016315182224027223	0.00115444559167699	5926	0.8938208968331813	-5.2559869143361295e-05	1.7227919047784364e-05	0.0022950886480987	-8.633497044695023e-05	-1.8784767839772357e-05	4565	0.0070726201196513	True	False
Alistipes	0.00020317691923434273	0.0006607704992584354	0.758485200431951	-0.0010921751073926823	0.0014985289458613678	5926	0.912552506769691	3.2689113767633765e-06	1.666298780036147e-05	0.8444796347470694	-2.939864988914904e-05	3.5936472642675794e-05	4565	0.8615974651811317	True	False
Limnohabitans	8.735335434799645e-05	0.0003012134052138521	0.7718226999862611	-0.0005031351667480211	0.000677841875444014	5926	0.9212269793685787	-1.2664136850492482e-05	7.2801326646344276e-06	0.0820062393726291	-2.69367380607482e-05	1.608464359763236e-06	4565	0.1386914019579331	False	False
Comamonas	-9.120910091595582e-05	0.0003323148092032419	0.7837361706599419	-0.000742667757231108	0.0005602495553991964	5926	0.9212269793685787	-8.060216140574111e-06	8.152516754618015e-06	0.3228732436939746	-2.4043114510522155e-05	7.922682229373932e-06	4565	0.4166996563913689	True	False
Hydrogenophaga	5.617281958813464e-05	0.00020727068545760142	0.7863913672147043	-0.00035015358688611617	0.0004624992260623855	5926	0.9212269793685787	-1.3129994004199796e-05	4.729822553997389e-06	0.0055257356229107	-2.2402746880862905e-05	-3.85724112753669e-06	4565	0.0137140932670386	False	False
Knoellia	6.165062275043884e-05	0.00023106378094876306	0.7896231251730674	-0.0003913189593782873	0.000514620204879165	5926	0.9212269793685787	-1.3104021439412364e-05	5.7174249951387565e-06	0.0219543783679741	-2.4312955488317004e-05	-1.895087390507721e-06	4565	0.0454124812816999	False	False
Unclassified_Lachnospiraceae	-0.0008301365215228959	0.003501654970211754	0.8126108956347589	-0.007694661901065233	0.006034388858019442	5926	0.9323756107841144	-0.0001732027958943	8.605914561861336e-05	0.0442154447687623	-0.0003419205820243	-4.485009764392049e-06	4565	0.0794825257152751	True	False
Unclassified_RF39	-0.0012324407588505599	0.005436401569506185	0.8206636590609143	-0.011889777608061113	0.009424896090359992	5926	0.9323756107841144	-0.000137307382052	0.0001355739472844	0.3112163853671376	-0.0004030982643379	0.0001284835002338	4565	0.4051178809520498	True	False
Desulfovibrio	0.0003276559340243404	0.0014680691685430955	0.8233966432898672	-0.002550296963139105	0.003205608831187786	5926	0.9323756107841144	0.0001054271787943	3.614267716038836e-05	0.0035517959536027	3.456995111128825e-05	0.0001762844064775	4565	0.0097512943453456	True	False
Unclassified_Aeromonadaceae	-7.351630374041882e-05	0.0003626728704309432	0.8393710944177777	-0.0007844878713915082	0.0006374552639106705	5926	0.9415877183549336	5.4178926166749605e-05	7.732309960239302e-06	2.796002959114295e-12	3.9019837509932445e-05	6.933801482356676e-05	4565	6.031377811803692e-11	False	False
Serratia	-0.00018658794406289778	0.0009466930996078056	0.8437604229414339	-0.002042452917676331	0.0016692770295505352	5926	0.9415877183549336	0.0001430292165519	2.352856461457068e-05	1.308771351724272e-09	9.690178519000756e-05	0.0001891566479138	4565	1.796586128276046e-08	False	False
Unclassified_Phyllobacteriaceae	4.260939733924155e-05	0.00024053355275257282	0.8594003096154387	-0.00042892440354853483	0.0005141431982270179	5926	0.9521413502214212	-4.698532449717642e-07	5.7138133182520445e-06	0.9344665537429564	-1.16717066503938e-05	1.0732000160450271e-05	4565	0.9406963307679094	False	False
Pseudomonas	-0.00012243908009449447	0.0008668661885875356	0.8876825254027053	-0.0018218140907245173	0.0015769359305355284	5926	0.9670814395648644	-8.085840724839578e-05	2.212789051369147e-05	0.0002609593511502	-0.0001242398360594	-3.7476978437307214e-05	4565	0.0009851215505921	True	False
Weissella	-7.828867439086397e-05	0.0005621230740321444	0.8892390256196211	-0.0011802556417093678	0.0010236782929276397	5926	0.9670814395648644	-3.1895137483110453e-06	1.3928855844308655e-05	0.8188900643363731	-3.0496846449361483e-05	2.411781895273939e-05	4565	0.8527751704468437	True	False
Unclassified_Peptococcaceae	3.2621653506829765e-05	0.00023963890777744195	0.8917244442740957	-0.0004371583157814003	0.0005024016227950599	5926	0.9670814395648644	-7.998284298987757e-06	5.819088482833336e-06	0.1693571361439753	-1.940652823472415e-05	3.4099596367486417e-06	4565	0.2507149760562773	False	False
Unclassified_Moraxellaceae	9.577428161080463e-05	0.0007949166410812119	0.9041043079827348	-0.001462553281710645	0.0016541018449322542	5926	0.9677356463728466	-8.713086944071235e-06	2.1221793179556394e-05	0.6814053204804431	-5.031812423820175e-05	3.289195035005928e-05	4565	0.7621644695744215	False	False
Erwinia	-2.7364509358991354e-05	0.00022902161759727916	0.9048956693356487	-0.0004763307038682386	0.00042160168515025594	5926	0.9677356463728466	3.577210539424028e-05	5.433006545427084e-06	5.091771626218595e-11	2.512076985302406e-05	4.64234409354565e-05	4565	8.542861283988976e-10	False	False
Paracoccus	3.944685742315078e-05	0.00040155833953578864	0.9217494737750839	-0.0007477544621127964	0.0008266481769590979	5926	0.9789615100783648	3.110751698056929e-06	8.91118264603311e-06	0.7270423948935415	-1.435950084781046e-05	2.0581004243924316e-05	4565	0.8013386980213487	True	False
Unclassified_Bacteroidales	7.141516052645951e-05	0.0008703878625263206	0.9346098849552662	-0.001634863619988636	0.0017776939410415551	5926	0.981150357832447	4.157310440911302e-05	2.180027135846987e-05	0.0565836920317699	-1.1660314978868811e-06	8.431224031611292e-05	4565	0.0993504360092704	True	False
Blastomonas	-1.4272145226267542e-05	0.00017928278908651386	0.9365526142946086	-0.0003657320309856824	0.0003371877405331473	5926	0.981150357832447	-4.811800218546712e-06	4.240465154589397e-06	0.2565466441799561	-1.3125174560122529e-05	3.501574123029103e-06	4565	0.3553994795520492	True	False
Cloacibacillus	2.9192993744387452e-05	0.0004887822804100335	0.9523759130786995	-0.0009289991746697249	0.0009873851621584999	5926	0.9909857473927008	-2.188421169098682e-05	1.1430980549420437e-05	0.0556235340129269	-4.4294493802550546e-05	5.260704205769063e-07	4565	0.0988135721876702	False	False
Unclassified_Sphingomonadaceae	-1.6517223610314026e-05	0.0003977807922817017	0.9668800176190501	-0.0007963131679112099	0.0007632787206905818	5926	0.9957621503632672	-3.130603104400695e-05	9.59304830578534e-06	0.0011089558521107	-5.011307195471936e-05	-1.2498990133294542e-05	4565	0.003784934033086	True	False
Unclassified_Christensenellaceae	4.3856128597824645e-05	0.0011870270345039596	0.9705291585687932	-0.002283151321842832	0.0023708635790384816	5926	0.9957621503632672	8.427983557475106e-05	2.9177316383382335e-05	0.0038886559624145	2.707810309143399e-05	0.000141481568058	4565	0.0104854830415106	True	False
Unclassified_Bradyrhizobiaceae	6.249192162056684e-06	0.0003155497764645283	0.9842002841955309	-0.0006123438638290298	0.0006248422481531432	5926	0.9957621503632672	-3.7001377569090786e-05	7.53794835266906e-06	9.490496242548588e-07	-5.177942293408579e-05	-2.2223332204095782e-05	4565	7.96147184791576e-06	False	False
Bifidobacterium	-2.7216061921499387e-05	0.0025039124530421204	0.9913280002487632	-0.00493580092487284	0.004881368801029842	5926	0.9957621503632672	-0.0002882658774029	6.0971771382982246e-05	2.337701372469537e-06	-0.0004078002070806	-0.0001687315477251	4565	1.680918605918572e-05	True	False
Pseudidiomarina	2.2571572968206752e-06	0.0004020133263265745	0.995520384292975	-0.0007858361028784171	0.0007903504174720585	5926	0.9957621503632672	-3.0177994021672952e-05	9.77515114855629e-06	0.0020325972511842	-4.934204508231704e-05	-1.1013942961028863e-05	4565	0.0065302592538047	False	False
Rothia	2.940915170522354e-06	0.0005536771199057225	0.9957621503632672	-0.0010824688907632983	0.001088350721104343	5926	0.9957621503632672	-3.49269892928596e-05	1.3575716171968335e-05	0.0101207351502436	-6.154199646262978e-05	-8.311982123089413e-06	4565	0.0238786094951061	False	False
